Analyte,CAS,Subtopic,50th Percentile,75th Percentile,90th Percentile,95th Percentile,Year
3-phenoxybenzoic acid (3-PBA) (μg/g CrCl),3739-38-6,"HH Income: $25,000 - $49,999",0.391,0.7444,3.2526,15.8008,2010-2011
4-fluoro-3-phenoxybenzoic acid (4F-3PBA) (μg/g CrCl),77279-89-1,"HH Income: $25,000 - $49,999",,,0.0749,0.1383,2010-2011
Antimony (μg/g CrCl),7440-36-0,"HH Income: $25,000 - $49,999",,,,0.2218,2010-2011
Arsenic (V) Acid (μg/g CrCl),7440-38-2,"HH Income: $25,000 - $49,999",,,,,2010-2011
Arsenobetaine (μg/g CrCl),64436-13-1,"HH Income: $25,000 - $49,999",,3.1367,13.5414,35.9592,2010-2011
Arsenocholine (μg/g CrCl),39895-81-3,"HH Income: $25,000 - $49,999",,,,,2010-2011
Arsenous (III) Acid (μg/g CrCl),13464-58-9,"HH Income: $25,000 - $49,999",0.3298,0.6089,1.0808,1.5623,2010-2011
Barium (μg/g CrCl),7440-39-3,"HH Income: $25,000 - $49,999",1.3076,2.8609,5.5742,7.3435,2010-2011
Beryllium (μg/g CrCl),7440-41-7,"HH Income: $25,000 - $49,999",,,,,2010-2011
Cadmium (μg/g CrCl),7440-43-9,"HH Income: $25,000 - $49,999",0.2341,0.3964,0.7263,0.9814,2010-2011
Cesium (μg/g CrCl),7440-46-2,"HH Income: $25,000 - $49,999",3.4174,5.0928,7.3491,9.5344,2010-2011
Cobalt (μg/g CrCl),7440-48-4,"HH Income: $25,000 - $49,999",0.4646,0.7885,1.2382,1.612,2010-2011
Dimethylarsinic Acid (DMA) (μg/g CrCl),75-60-5,"HH Income: $25,000 - $49,999",3.7182,6.6004,11.1046,17.3811,2010-2011
Lead (μg/g CrCl),7439-92-1,"HH Income: $25,000 - $49,999",0.305,0.5989,0.9926,1.3402,2010-2011
Molybdenum (μg/g CrCl),7439-98-7,"HH Income: $25,000 - $49,999",49.9402,80.0835,118.046,139.6518,2010-2011
Monomethylarsonic acid (MMA) (μg/g CrCl),124-58-3,"HH Income: $25,000 - $49,999",,0.8578,1.4754,2.0102,2010-2011
Platinum (μg/g CrCl),7440-06-4,"HH Income: $25,000 - $49,999",,,,,2010-2011
TCPy (μg/g CrCl),6515-38-4,"HH Income: $25,000 - $49,999",1.0344,1.6812,2.9268,4.1534,2010-2011
Thallium (μg/g CrCl),7440-28-0,"HH Income: $25,000 - $49,999",0.1243,0.1873,0.2773,0.331,2010-2011
Total Arsenic (μg/g CrCl),7440-38-2,"HH Income: $25,000 - $49,999",9.6071,19.4406,41.1144,79.3497,2010-2011
Tungsten (μg/g CrCl),7440-33-7,"HH Income: $25,000 - $49,999",,0.1595,0.3521,0.479,2010-2011
Uranium (μg/g CrCl),7440-61-1,"HH Income: $25,000 - $49,999",,,,0.0204,2010-2011
"cis-3-(2,2-dibromovinyl)-2,2-dimethylcyclopropane carboxylic acid (DBCA) (μg/g CrCl)",63597-73-9,"HH Income: $25,000 - $49,999",,,,,2010-2011
cis-DCCA (μg/g CrCl),59042-49-8,"HH Income: $25,000 - $49,999",,,0.4186,3.9918,2010-2011
"trans-3-(2,2-dichlorovinyl)-2,2-dimethylcyclopropane carboxylic acid (trans-DCCA) (μg/g CrCl)",55701-05-8,"HH Income: $25,000 - $49,999",,0.6397,2.539,23.461,2010-2011
3-phenoxybenzoic acid (3-PBA) (μg/g CrCl),3739-38-6,"HH Income: $25,000 or less",0.443,1.067,2.8649,5.101,2010-2011
4-fluoro-3-phenoxybenzoic acid (4F-3PBA) (μg/g CrCl),77279-89-1,"HH Income: $25,000 or less",,,0.0887,0.1713,2010-2011
Antimony (μg/g CrCl),7440-36-0,"HH Income: $25,000 or less",,,0.1307,0.158,2010-2011
Arsenic (V) Acid (μg/g CrCl),7440-38-2,"HH Income: $25,000 or less",,,,1.1625,2010-2011
Arsenobetaine (μg/g CrCl),64436-13-1,"HH Income: $25,000 or less",,4.189,12.9114,32.0038,2010-2011
Arsenocholine (μg/g CrCl),39895-81-3,"HH Income: $25,000 or less",,,,,2010-2011
Arsenous (III) Acid (μg/g CrCl),13464-58-9,"HH Income: $25,000 or less",0.3474,0.6892,1.1666,1.6393,2010-2011
Barium (μg/g CrCl),7440-39-3,"HH Income: $25,000 or less",1.4057,3.1891,5.6928,7.4624,2010-2011
Beryllium (μg/g CrCl),7440-41-7,"HH Income: $25,000 or less",,,,,2010-2011
Cadmium (μg/g CrCl),7440-43-9,"HH Income: $25,000 or less",0.2462,0.42,0.8147,1.0654,2010-2011
Cesium (μg/g CrCl),7440-46-2,"HH Income: $25,000 or less",3.2735,4.8424,7.2509,9.1825,2010-2011
Cobalt (μg/g CrCl),7440-48-4,"HH Income: $25,000 or less",0.4633,0.71,1.1637,1.4628,2010-2011
Dimethylarsinic Acid (DMA) (μg/g CrCl),75-60-5,"HH Income: $25,000 or less",4.3532,6.8211,12.7533,17.8861,2010-2011
Lead (μg/g CrCl),7439-92-1,"HH Income: $25,000 or less",0.3312,0.6139,1.1912,1.5951,2010-2011
Molybdenum (μg/g CrCl),7439-98-7,"HH Income: $25,000 or less",48.4504,72.7781,108.4349,125.0044,2010-2011
Monomethylarsonic acid (MMA) (μg/g CrCl),124-58-3,"HH Income: $25,000 or less",,0.9683,1.584,2.4173,2010-2011
Platinum (μg/g CrCl),7440-06-4,"HH Income: $25,000 or less",,,,,2010-2011
TCPy (μg/g CrCl),6515-38-4,"HH Income: $25,000 or less",0.9729,1.6244,2.4998,3.36,2010-2011
Thallium (μg/g CrCl),7440-28-0,"HH Income: $25,000 or less",0.1238,0.1822,0.2889,0.3905,2010-2011
Total Arsenic (μg/g CrCl),7440-38-2,"HH Income: $25,000 or less",11.5583,21.6435,39.2681,73.6383,2010-2011
Tungsten (μg/g CrCl),7440-33-7,"HH Income: $25,000 or less",,0.2039,0.3654,0.6188,2010-2011
Uranium (μg/g CrCl),7440-61-1,"HH Income: $25,000 or less",,,,0.0305,2010-2011
"cis-3-(2,2-dibromovinyl)-2,2-dimethylcyclopropane carboxylic acid (DBCA) (μg/g CrCl)",63597-73-9,"HH Income: $25,000 or less",,,,,2010-2011
cis-DCCA (μg/g CrCl),59042-49-8,"HH Income: $25,000 or less",,,0.2592,0.9826,2010-2011
"trans-3-(2,2-dichlorovinyl)-2,2-dimethylcyclopropane carboxylic acid (trans-DCCA) (μg/g CrCl)",55701-05-8,"HH Income: $25,000 or less",,0.8112,1.95,4.0485,2010-2011
3-phenoxybenzoic acid (3-PBA) (μg/g CrCl),3739-38-6,"HH Income: $50,000 - $74,999",0.3877,0.7222,1.82,3.2942,2010-2011
4-fluoro-3-phenoxybenzoic acid (4F-3PBA) (μg/g CrCl),77279-89-1,"HH Income: $50,000 - $74,999",,,0.1442,0.263,2010-2011
Antimony (μg/g CrCl),7440-36-0,"HH Income: $50,000 - $74,999",,,,0.1859,2010-2011
Arsenic (V) Acid (μg/g CrCl),7440-38-2,"HH Income: $50,000 - $74,999",,,,,2010-2011
Arsenobetaine (μg/g CrCl),64436-13-1,"HH Income: $50,000 - $74,999",,6.3795,21.6828,37.7238,2010-2011
Arsenocholine (μg/g CrCl),39895-81-3,"HH Income: $50,000 - $74,999",,,,,2010-2011
Arsenous (III) Acid (μg/g CrCl),13464-58-9,"HH Income: $50,000 - $74,999",0.2476,0.5248,0.9295,1.4407,2010-2011
Barium (μg/g CrCl),7440-39-3,"HH Income: $50,000 - $74,999",1.6106,3.2377,5.498,7.8961,2010-2011
Beryllium (μg/g CrCl),7440-41-7,"HH Income: $50,000 - $74,999",,,,,2010-2011
Cadmium (μg/g CrCl),7440-43-9,"HH Income: $50,000 - $74,999",0.2225,0.3679,0.6344,0.9727,2010-2011
Cesium (μg/g CrCl),7440-46-2,"HH Income: $50,000 - $74,999",3.5205,5.3534,6.8853,8.7229,2010-2011
Cobalt (μg/g CrCl),7440-48-4,"HH Income: $50,000 - $74,999",0.4443,0.7762,1.2425,1.8527,2010-2011
Dimethylarsinic Acid (DMA) (μg/g CrCl),75-60-5,"HH Income: $50,000 - $74,999",3.6317,6.3881,10.8636,16.4473,2010-2011
Lead (μg/g CrCl),7439-92-1,"HH Income: $50,000 - $74,999",,0.5589,0.8919,1.352,2010-2011
Molybdenum (μg/g CrCl),7439-98-7,"HH Income: $50,000 - $74,999",42.8489,72.3187,125.285,166.6783,2010-2011
Monomethylarsonic acid (MMA) (μg/g CrCl),124-58-3,"HH Income: $50,000 - $74,999",,0.711,1.4468,1.856,2010-2011
Platinum (μg/g CrCl),7440-06-4,"HH Income: $50,000 - $74,999",,,,,2010-2011
TCPy (μg/g CrCl),6515-38-4,"HH Income: $50,000 - $74,999",1.0755,1.7579,2.9843,4.3198,2010-2011
Thallium (μg/g CrCl),7440-28-0,"HH Income: $50,000 - $74,999",0.1173,0.1797,0.2577,0.3779,2010-2011
Total Arsenic (μg/g CrCl),7440-38-2,"HH Income: $50,000 - $74,999",10.7316,21.4911,45.8435,65.1411,2010-2011
Tungsten (μg/g CrCl),7440-33-7,"HH Income: $50,000 - $74,999",,0.1906,0.436,0.6992,2010-2011
Uranium (μg/g CrCl),7440-61-1,"HH Income: $50,000 - $74,999",,,,0.0214,2010-2011
"cis-3-(2,2-dibromovinyl)-2,2-dimethylcyclopropane carboxylic acid (DBCA) (μg/g CrCl)",63597-73-9,"HH Income: $50,000 - $74,999",,,,,2010-2011
cis-DCCA (μg/g CrCl),59042-49-8,"HH Income: $50,000 - $74,999",,,0.3547,0.5815,2010-2011
"trans-3-(2,2-dichlorovinyl)-2,2-dimethylcyclopropane carboxylic acid (trans-DCCA) (μg/g CrCl)",55701-05-8,"HH Income: $50,000 - $74,999",,0.696,1.6526,3.336,2010-2011
3-phenoxybenzoic acid (3-PBA) (μg/g CrCl),3739-38-6,"HH Income: $75,000 or more",0.4379,0.9352,2.603,5.5631,2010-2011
4-fluoro-3-phenoxybenzoic acid (4F-3PBA) (μg/g CrCl),77279-89-1,"HH Income: $75,000 or more",,,0.1072,0.2011,2010-2011
Antimony (μg/g CrCl),7440-36-0,"HH Income: $75,000 or more",,,,0.134,2010-2011
Arsenic (V) Acid (μg/g CrCl),7440-38-2,"HH Income: $75,000 or more",,,,0.5538,2010-2011
Arsenobetaine (μg/g CrCl),64436-13-1,"HH Income: $75,000 or more",1.4838,8.1353,27.5675,56.8036,2010-2011
Arsenocholine (μg/g CrCl),39895-81-3,"HH Income: $75,000 or more",,,,,2010-2011
Arsenous (III) Acid (μg/g CrCl),13464-58-9,"HH Income: $75,000 or more",0.3263,0.6476,1.0494,1.5126,2010-2011
Barium (μg/g CrCl),7440-39-3,"HH Income: $75,000 or more",1.7353,3.0022,4.7842,6.4245,2010-2011
Beryllium (μg/g CrCl),7440-41-7,"HH Income: $75,000 or more",,,,,2010-2011
Cadmium (μg/g CrCl),7440-43-9,"HH Income: $75,000 or more",0.2062,0.3298,0.6032,0.8635,2010-2011
Cesium (μg/g CrCl),7440-46-2,"HH Income: $75,000 or more",3.608,4.9433,6.9207,8.6274,2010-2011
Cobalt (μg/g CrCl),7440-48-4,"HH Income: $75,000 or more",0.4547,0.7471,1.1766,1.8624,2010-2011
Dimethylarsinic Acid (DMA) (μg/g CrCl),75-60-5,"HH Income: $75,000 or more",4.5855,7.3105,11.2817,17.1931,2010-2011
Lead (μg/g CrCl),7439-92-1,"HH Income: $75,000 or more",,0.5349,0.9134,1.102,2010-2011
Molybdenum (μg/g CrCl),7439-98-7,"HH Income: $75,000 or more",45.0177,68.4323,104.0279,138.3416,2010-2011
Monomethylarsonic acid (MMA) (μg/g CrCl),124-58-3,"HH Income: $75,000 or more",,0.886,1.4225,1.8472,2010-2011
Platinum (μg/g CrCl),7440-06-4,"HH Income: $75,000 or more",,,,0.2911,2010-2011
TCPy (μg/g CrCl),6515-38-4,"HH Income: $75,000 or more",1.175,2.0056,3.2508,4.6291,2010-2011
Thallium (μg/g CrCl),7440-28-0,"HH Income: $75,000 or more",0.1279,0.1899,0.2658,0.3699,2010-2011
Total Arsenic (μg/g CrCl),7440-38-2,"HH Income: $75,000 or more",13.3613,26.3191,57.2856,88.6337,2010-2011
Tungsten (μg/g CrCl),7440-33-7,"HH Income: $75,000 or more",,0.1847,0.3534,0.6295,2010-2011
Uranium (μg/g CrCl),7440-61-1,"HH Income: $75,000 or more",,,,0.0231,2010-2011
"cis-3-(2,2-dibromovinyl)-2,2-dimethylcyclopropane carboxylic acid (DBCA) (μg/g CrCl)",63597-73-9,"HH Income: $75,000 or more",,,,,2010-2011
cis-DCCA (μg/g CrCl),59042-49-8,"HH Income: $75,000 or more",,0.0918,0.5338,1.3736,2010-2011
"trans-3-(2,2-dichlorovinyl)-2,2-dimethylcyclopropane carboxylic acid (trans-DCCA) (μg/g CrCl)",55701-05-8,"HH Income: $75,000 or more",0.1509,0.7931,2.7645,6.3586,2010-2011
3-phenoxybenzoic acid (3-PBA) (μg/g CrCl),3739-38-6,Age: 12-19 years,0.3401,0.6362,1.5968,3.4494,2010-2011
4-fluoro-3-phenoxybenzoic acid (4F-3PBA) (μg/g CrCl),77279-89-1,Age: 12-19 years,,,0.0869,0.1273,2010-2011
Antimony (μg/g CrCl),7440-36-0,Age: 12-19 years,,,,0.1773,2010-2011
Arsenic (V) Acid (μg/g CrCl),7440-38-2,Age: 12-19 years,,,,,2010-2011
Arsenobetaine (μg/g CrCl),64436-13-1,Age: 12-19 years,,2.0676,7.7344,12.9232,2010-2011
Arsenocholine (μg/g CrCl),39895-81-3,Age: 12-19 years,,,,,2010-2011
Arsenous (III) Acid (μg/g CrCl),13464-58-9,Age: 12-19 years,0.3464,0.5889,0.9163,1.2622,2010-2011
Barium (μg/g CrCl),7440-39-3,Age: 12-19 years,1.5333,2.3392,3.9422,5.5556,2010-2011
Beryllium (μg/g CrCl),7440-41-7,Age: 12-19 years,,,,,2010-2011
Cadmium (μg/g CrCl),7440-43-9,Age: 12-19 years,,0.2231,0.327,0.3797,2010-2011
Cesium (μg/g CrCl),7440-46-2,Age: 12-19 years,2.5151,3.356,4.3236,5.4817,2010-2011
Cobalt (μg/g CrCl),7440-48-4,Age: 12-19 years,0.4604,0.7155,1.115,1.393,2010-2011
Dimethylarsinic Acid (DMA) (μg/g CrCl),75-60-5,Age: 12-19 years,3.5079,6.0743,8.9017,12.3926,2010-2011
Lead (μg/g CrCl),7439-92-1,Age: 12-19 years,,,0.4345,0.5086,2010-2011
Molybdenum (μg/g CrCl),7439-98-7,Age: 12-19 years,51.7924,73.7417,103.9378,128.9979,2010-2011
Monomethylarsonic acid (MMA) (μg/g CrCl),124-58-3,Age: 12-19 years,,0.8849,1.2535,1.8513,2010-2011
Platinum (μg/g CrCl),7440-06-4,Age: 12-19 years,,,,,2010-2011
TCPy (μg/g CrCl),6515-38-4,Age: 12-19 years,1.0246,1.609,2.5718,3.502,2010-2011
Thallium (μg/g CrCl),7440-28-0,Age: 12-19 years,0.1019,0.136,0.1752,0.2167,2010-2011
Total Arsenic (μg/g CrCl),7440-38-2,Age: 12-19 years,8.4904,14.4703,22.7456,29.7529,2010-2011
Tungsten (μg/g CrCl),7440-33-7,Age: 12-19 years,0.1303,0.2324,0.4142,0.682,2010-2011
Uranium (μg/g CrCl),7440-61-1,Age: 12-19 years,,,,,2010-2011
"cis-3-(2,2-dibromovinyl)-2,2-dimethylcyclopropane carboxylic acid (DBCA) (μg/g CrCl)",63597-73-9,Age: 12-19 years,,,,,2010-2011
cis-DCCA (μg/g CrCl),59042-49-8,Age: 12-19 years,,,0.2375,0.5645,2010-2011
"trans-3-(2,2-dichlorovinyl)-2,2-dimethylcyclopropane carboxylic acid (trans-DCCA) (μg/g CrCl)",55701-05-8,Age: 12-19 years,,0.3985,1.5706,5.0892,2010-2011
3-phenoxybenzoic acid (3-PBA) (μg/g CrCl),3739-38-6,Age: 20 years and older,0.4324,0.9392,2.6076,6.0317,2010-2011
4-fluoro-3-phenoxybenzoic acid (4F-3PBA) (μg/g CrCl),77279-89-1,Age: 20 years and older,,,0.1176,0.2176,2010-2011
Antimony (μg/g CrCl),7440-36-0,Age: 20 years and older,,,,0.1526,2010-2011
Arsenic (V) Acid (μg/g CrCl),7440-38-2,Age: 20 years and older,,,,0.5512,2010-2011
Arsenobetaine (μg/g CrCl),64436-13-1,Age: 20 years and older,1.3021,7.8448,27.1764,51.5784,2010-2011
Arsenocholine (μg/g CrCl),39895-81-3,Age: 20 years and older,,,,,2010-2011
Arsenous (III) Acid (μg/g CrCl),13464-58-9,Age: 20 years and older,0.3141,0.6415,1.1615,1.6731,2010-2011
Barium (μg/g CrCl),7440-39-3,Age: 20 years and older,1.4663,2.857,5.3157,7.1679,2010-2011
Beryllium (μg/g CrCl),7440-41-7,Age: 20 years and older,,,,,2010-2011
Cadmium (μg/g CrCl),7440-43-9,Age: 20 years and older,0.242,0.4158,0.7451,1.0926,2010-2011
Cesium (μg/g CrCl),7440-46-2,Age: 20 years and older,3.688,5.4292,7.4134,9.6524,2010-2011
Cobalt (μg/g CrCl),7440-48-4,Age: 20 years and older,0.4317,0.7363,1.2108,1.7281,2010-2011
Dimethylarsinic Acid (DMA) (μg/g CrCl),75-60-5,Age: 20 years and older,4.2919,7.2948,12.5669,18.2553,2010-2011
Lead (μg/g CrCl),7439-92-1,Age: 20 years and older,0.3267,0.6188,1.0139,1.3389,2010-2011
Molybdenum (μg/g CrCl),7439-98-7,Age: 20 years and older,44.4092,70.3566,106.7753,135.4911,2010-2011
Monomethylarsonic acid (MMA) (μg/g CrCl),124-58-3,Age: 20 years and older,,0.8576,1.5075,1.9591,2010-2011
Platinum (μg/g CrCl),7440-06-4,Age: 20 years and older,,,,,2010-2011
TCPy (μg/g CrCl),6515-38-4,Age: 20 years and older,1.0063,1.7202,2.8873,4.0202,2010-2011
Thallium (μg/g CrCl),7440-28-0,Age: 20 years and older,0.1289,0.1889,0.2705,0.3678,2010-2011
Total Arsenic (μg/g CrCl),7440-38-2,Age: 20 years and older,12.3757,25.8259,56.7709,92.5138,2010-2011
Tungsten (μg/g CrCl),7440-33-7,Age: 20 years and older,,0.1489,0.3307,0.5076,2010-2011
Uranium (μg/g CrCl),7440-61-1,Age: 20 years and older,,,,0.0255,2010-2011
"cis-3-(2,2-dibromovinyl)-2,2-dimethylcyclopropane carboxylic acid (DBCA) (μg/g CrCl)",63597-73-9,Age: 20 years and older,,,,,2010-2011
cis-DCCA (μg/g CrCl),59042-49-8,Age: 20 years and older,,,0.5497,1.5311,2010-2011
"trans-3-(2,2-dichlorovinyl)-2,2-dimethylcyclopropane carboxylic acid (trans-DCCA) (μg/g CrCl)",55701-05-8,Age: 20 years and older,,0.8084,2.7347,7.0437,2010-2011
3-phenoxybenzoic acid (3-PBA) (μg/g CrCl),3739-38-6,Age: 6-11 years,0.5263,0.9658,2.8752,7.4662,2010-2011
4-fluoro-3-phenoxybenzoic acid (4F-3PBA) (μg/g CrCl),77279-89-1,Age: 6-11 years,,,0.0818,0.1222,2010-2011
Antimony (μg/g CrCl),7440-36-0,Age: 6-11 years,,,0.1769,0.2282,2010-2011
Arsenic (V) Acid (μg/g CrCl),7440-38-2,Age: 6-11 years,,,,,2010-2011
Arsenobetaine (μg/g CrCl),64436-13-1,Age: 6-11 years,,2.3922,8.0948,12.071,2010-2011
Arsenocholine (μg/g CrCl),39895-81-3,Age: 6-11 years,,,,,2010-2011
Arsenous (III) Acid (μg/g CrCl),13464-58-9,Age: 6-11 years,0.4308,0.8397,1.2166,1.5145,2010-2011
Barium (μg/g CrCl),7440-39-3,Age: 6-11 years,2.2861,4.1771,6.1599,8.2031,2010-2011
Beryllium (μg/g CrCl),7440-41-7,Age: 6-11 years,,,,,2010-2011
Cadmium (μg/g CrCl),7440-43-9,Age: 6-11 years,0.2153,0.3132,0.4711,0.5891,2010-2011
Cesium (μg/g CrCl),7440-46-2,Age: 6-11 years,4.3495,5.9152,8.3642,11.8972,2010-2011
Cobalt (μg/g CrCl),7440-48-4,Age: 6-11 years,0.7444,1.0516,1.6374,1.8507,2010-2011
Dimethylarsinic Acid (DMA) (μg/g CrCl),75-60-5,Age: 6-11 years,5.7591,9.6869,17.0633,21.6102,2010-2011
Lead (μg/g CrCl),7439-92-1,Age: 6-11 years,0.3504,0.5586,0.947,1.2603,2010-2011
Molybdenum (μg/g CrCl),7439-98-7,Age: 6-11 years,82.0353,123.2127,169.2886,213.7525,2010-2011
Monomethylarsonic acid (MMA) (μg/g CrCl),124-58-3,Age: 6-11 years,0.6108,1.0643,1.5904,2.2381,2010-2011
Platinum (μg/g CrCl),7440-06-4,Age: 6-11 years,,,,,2010-2011
TCPy (μg/g CrCl),6515-38-4,Age: 6-11 years,1.6829,2.5492,4.4275,5.7538,2010-2011
Thallium (μg/g CrCl),7440-28-0,Age: 6-11 years,0.1484,0.2316,0.3218,0.4568,2010-2011
Total Arsenic (μg/g CrCl),7440-38-2,Age: 6-11 years,13.4239,21.8789,29.5211,50.1221,2010-2011
Tungsten (μg/g CrCl),7440-33-7,Age: 6-11 years,0.2211,0.3652,0.6264,0.998,2010-2011
Uranium (μg/g CrCl),7440-61-1,Age: 6-11 years,,,,0.0226,2010-2011
"cis-3-(2,2-dibromovinyl)-2,2-dimethylcyclopropane carboxylic acid (DBCA) (μg/g CrCl)",63597-73-9,Age: 6-11 years,,,,,2010-2011
cis-DCCA (μg/g CrCl),59042-49-8,Age: 6-11 years,,,0.2255,0.425,2010-2011
"trans-3-(2,2-dichlorovinyl)-2,2-dimethylcyclopropane carboxylic acid (trans-DCCA) (μg/g CrCl)",55701-05-8,Age: 6-11 years,,0.8385,1.4313,2.6148,2010-2011
3-phenoxybenzoic acid (3-PBA) (μg/g CrCl),3739-38-6,"Race/eth: Asian, Non-Hispanic",0.4471,0.8936,1.6684,2.3563,2010-2011
4-fluoro-3-phenoxybenzoic acid (4F-3PBA) (μg/g CrCl),77279-89-1,"Race/eth: Asian, Non-Hispanic",,,0.1133,0.2374,2010-2011
Antimony (μg/g CrCl),7440-36-0,"Race/eth: Asian, Non-Hispanic",,,,0.1299,2010-2011
Arsenic (V) Acid (μg/g CrCl),7440-38-2,"Race/eth: Asian, Non-Hispanic",,,,0.5555,2010-2011
Arsenobetaine (μg/g CrCl),64436-13-1,"Race/eth: Asian, Non-Hispanic",5.4613,12.0481,26.489,50.6047,2010-2011
Arsenocholine (μg/g CrCl),39895-81-3,"Race/eth: Asian, Non-Hispanic",,,,,2010-2011
Arsenous (III) Acid (μg/g CrCl),13464-58-9,"Race/eth: Asian, Non-Hispanic",0.7442,1.1715,2.0812,3.0176,2010-2011
Barium (μg/g CrCl),7440-39-3,"Race/eth: Asian, Non-Hispanic",1.0681,2.5231,4.6645,7.799,2010-2011
Beryllium (μg/g CrCl),7440-41-7,"Race/eth: Asian, Non-Hispanic",,,,,2010-2011
Cadmium (μg/g CrCl),7440-43-9,"Race/eth: Asian, Non-Hispanic",0.3104,0.5978,1.1003,1.2989,2010-2011
Cesium (μg/g CrCl),7440-46-2,"Race/eth: Asian, Non-Hispanic",4.1449,6.0456,9.8595,12.5071,2010-2011
Cobalt (μg/g CrCl),7440-48-4,"Race/eth: Asian, Non-Hispanic",0.4803,0.8094,1.3599,1.777,2010-2011
Dimethylarsinic Acid (DMA) (μg/g CrCl),75-60-5,"Race/eth: Asian, Non-Hispanic",11.9345,18.6502,36.5434,46.8246,2010-2011
Lead (μg/g CrCl),7439-92-1,"Race/eth: Asian, Non-Hispanic",,0.5494,0.7728,1.0365,2010-2011
Molybdenum (μg/g CrCl),7439-98-7,"Race/eth: Asian, Non-Hispanic",49.7138,74.1821,104.3123,119.205,2010-2011
Monomethylarsonic acid (MMA) (μg/g CrCl),124-58-3,"Race/eth: Asian, Non-Hispanic",0.8159,1.5533,2.1918,2.6065,2010-2011
Platinum (μg/g CrCl),7440-06-4,"Race/eth: Asian, Non-Hispanic",,,,,2010-2011
TCPy (μg/g CrCl),6515-38-4,"Race/eth: Asian, Non-Hispanic",1.0531,1.8853,4.0435,7.2098,2010-2011
Thallium (μg/g CrCl),7440-28-0,"Race/eth: Asian, Non-Hispanic",0.1536,0.2476,0.3969,0.4458,2010-2011
Total Arsenic (μg/g CrCl),7440-38-2,"Race/eth: Asian, Non-Hispanic",24.2968,50.9311,104.8334,154.4699,2010-2011
Tungsten (μg/g CrCl),7440-33-7,"Race/eth: Asian, Non-Hispanic",,0.1241,0.2022,0.3442,2010-2011
Uranium (μg/g CrCl),7440-61-1,"Race/eth: Asian, Non-Hispanic",,,,,2010-2011
"cis-3-(2,2-dibromovinyl)-2,2-dimethylcyclopropane carboxylic acid (DBCA) (μg/g CrCl)",63597-73-9,"Race/eth: Asian, Non-Hispanic",,,,,2010-2011
cis-DCCA (μg/g CrCl),59042-49-8,"Race/eth: Asian, Non-Hispanic",,0.0799,0.3303,0.782,2010-2011
"trans-3-(2,2-dichlorovinyl)-2,2-dimethylcyclopropane carboxylic acid (trans-DCCA) (μg/g CrCl)",55701-05-8,"Race/eth: Asian, Non-Hispanic",,0.655,1.5875,2.5221,2010-2011
3-phenoxybenzoic acid (3-PBA) (μg/g CrCl),3739-38-6,Gender: Female,0.4934,0.9805,2.8027,6.4674,2010-2011
4-fluoro-3-phenoxybenzoic acid (4F-3PBA) (μg/g CrCl),77279-89-1,Gender: Female,,,0.1217,0.2069,2010-2011
Antimony (μg/g CrCl),7440-36-0,Gender: Female,,,,0.1539,2010-2011
Arsenic (V) Acid (μg/g CrCl),7440-38-2,Gender: Female,,,,,2010-2011
Arsenobetaine (μg/g CrCl),64436-13-1,Gender: Female,0.9971,6.7802,21.0772,41.1594,2010-2011
Arsenocholine (μg/g CrCl),39895-81-3,Gender: Female,,,,,2010-2011
Arsenous (III) Acid (μg/g CrCl),13464-58-9,Gender: Female,0.3445,0.7124,1.1988,1.6654,2010-2011
Barium (μg/g CrCl),7440-39-3,Gender: Female,1.7207,3.2131,5.6922,8.131,2010-2011
Beryllium (μg/g CrCl),7440-41-7,Gender: Female,,,,,2010-2011
Cadmium (μg/g CrCl),7440-43-9,Gender: Female,0.2552,0.4367,0.7958,1.1246,2010-2011
Cesium (μg/g CrCl),7440-46-2,Gender: Female,3.989,5.7001,7.7339,10.5115,2010-2011
Cobalt (μg/g CrCl),7440-48-4,Gender: Female,0.5887,0.9367,1.4412,1.9424,2010-2011
Dimethylarsinic Acid (DMA) (μg/g CrCl),75-60-5,Gender: Female,4.6595,7.8704,13.6436,19.4642,2010-2011
Lead (μg/g CrCl),7439-92-1,Gender: Female,,0.579,1.014,1.3258,2010-2011
Molybdenum (μg/g CrCl),7439-98-7,Gender: Female,50.6869,79.3018,117.0114,151.3438,2010-2011
Monomethylarsonic acid (MMA) (μg/g CrCl),124-58-3,Gender: Female,,0.9462,1.6083,2.143,2010-2011
Platinum (μg/g CrCl),7440-06-4,Gender: Female,,,,,2010-2011
TCPy (μg/g CrCl),6515-38-4,Gender: Female,1.1199,1.8668,2.9566,4.0138,2010-2011
Thallium (μg/g CrCl),7440-28-0,Gender: Female,0.1365,0.2017,0.2922,0.3809,2010-2011
Total Arsenic (μg/g CrCl),7440-38-2,Gender: Female,13.0196,25.9996,50.4758,73.2388,2010-2011
Tungsten (μg/g CrCl),7440-33-7,Gender: Female,,0.1875,0.3724,0.6658,2010-2011
Uranium (μg/g CrCl),7440-61-1,Gender: Female,,,,0.0219,2010-2011
"cis-3-(2,2-dibromovinyl)-2,2-dimethylcyclopropane carboxylic acid (DBCA) (μg/g CrCl)",63597-73-9,Gender: Female,,,,,2010-2011
cis-DCCA (μg/g CrCl),59042-49-8,Gender: Female,,,0.5281,1.4789,2010-2011
"trans-3-(2,2-dichlorovinyl)-2,2-dimethylcyclopropane carboxylic acid (trans-DCCA) (μg/g CrCl)",55701-05-8,Gender: Female,,0.8526,2.8284,6.5599,2010-2011
3-phenoxybenzoic acid (3-PBA) (μg/g CrCl),3739-38-6,Hispanic,0.3484,0.6918,1.874,4.5527,2010-2011
4-fluoro-3-phenoxybenzoic acid (4F-3PBA) (μg/g CrCl),77279-89-1,Hispanic,,,0.0747,0.1179,2010-2011
Antimony (μg/g CrCl),7440-36-0,Hispanic,,,,0.134,2010-2011
Arsenic (V) Acid (μg/g CrCl),7440-38-2,Hispanic,,,,,2010-2011
Arsenobetaine (μg/g CrCl),64436-13-1,Hispanic,,3.1965,8.8179,18.2852,2010-2011
Arsenocholine (μg/g CrCl),39895-81-3,Hispanic,,,,,2010-2011
Arsenous (III) Acid (μg/g CrCl),13464-58-9,Hispanic,0.3857,0.7084,1.0426,1.3404,2010-2011
Barium (μg/g CrCl),7440-39-3,Hispanic,0.979,1.8803,3.6636,4.6454,2010-2011
Beryllium (μg/g CrCl),7440-41-7,Hispanic,,,,,2010-2011
Cadmium (μg/g CrCl),7440-43-9,Hispanic,0.1817,0.3104,0.4704,0.6722,2010-2011
Cesium (μg/g CrCl),7440-46-2,Hispanic,2.9379,4.3672,5.9791,6.8604,2010-2011
Cobalt (μg/g CrCl),7440-48-4,Hispanic,0.4087,0.7424,1.2028,1.5858,2010-2011
Dimethylarsinic Acid (DMA) (μg/g CrCl),75-60-5,Hispanic,4.2708,6.6133,9.7489,11.1043,2010-2011
Lead (μg/g CrCl),7439-92-1,Hispanic,,0.4705,0.7182,0.9023,2010-2011
Molybdenum (μg/g CrCl),7439-98-7,Hispanic,52.0882,74.1257,107.332,130.921,2010-2011
Monomethylarsonic acid (MMA) (μg/g CrCl),124-58-3,Hispanic,,0.7826,1.0517,1.4313,2010-2011
Platinum (μg/g CrCl),7440-06-4,Hispanic,,,,,2010-2011
TCPy (μg/g CrCl),6515-38-4,Hispanic,0.8468,1.3132,1.8217,2.5009,2010-2011
Thallium (μg/g CrCl),7440-28-0,Hispanic,0.1204,0.1694,0.2403,0.2925,2010-2011
Total Arsenic (μg/g CrCl),7440-38-2,Hispanic,10.4474,16.5539,29.5276,38.3797,2010-2011
Tungsten (μg/g CrCl),7440-33-7,Hispanic,,0.1621,0.2845,0.4034,2010-2011
Uranium (μg/g CrCl),7440-61-1,Hispanic,,,,,2010-2011
"cis-3-(2,2-dibromovinyl)-2,2-dimethylcyclopropane carboxylic acid (DBCA) (μg/g CrCl)",63597-73-9,Hispanic,,,,,2010-2011
cis-DCCA (μg/g CrCl),59042-49-8,Hispanic,,,0.3992,0.9384,2010-2011
"trans-3-(2,2-dichlorovinyl)-2,2-dimethylcyclopropane carboxylic acid (trans-DCCA) (μg/g CrCl)",55701-05-8,Hispanic,,0.6013,1.7965,5.3964,2010-2011
3-phenoxybenzoic acid (3-PBA) (μg/g CrCl),3739-38-6,Gender: Male,0.3568,0.7725,2.1873,5.8122,2010-2011
4-fluoro-3-phenoxybenzoic acid (4F-3PBA) (μg/g CrCl),77279-89-1,Gender: Male,,,0.0816,0.1726,2010-2011
Antimony (μg/g CrCl),7440-36-0,Gender: Male,,,,0.1835,2010-2011
Arsenic (V) Acid (μg/g CrCl),7440-38-2,Gender: Male,,,,0.5442,2010-2011
Arsenobetaine (μg/g CrCl),64436-13-1,Gender: Male,0.9258,5.8029,21.9713,48.3063,2010-2011
Arsenocholine (μg/g CrCl),39895-81-3,Gender: Male,,,,,2010-2011
Arsenous (III) Acid (μg/g CrCl),13464-58-9,Gender: Male,0.3247,0.6116,0.9973,1.5985,2010-2011
Barium (μg/g CrCl),7440-39-3,Gender: Male,1.3374,2.626,4.8045,6.0731,2010-2011
Beryllium (μg/g CrCl),7440-41-7,Gender: Male,,,,,2010-2011
Cadmium (μg/g CrCl),7440-43-9,Gender: Male,0.1933,0.3187,0.5394,0.7793,2010-2011
Cesium (μg/g CrCl),7440-46-2,Gender: Male,3.1999,4.6284,6.5818,8.3425,2010-2011
Cobalt (μg/g CrCl),7440-48-4,Gender: Male,0.3487,0.5421,0.9094,1.2705,2010-2011
Dimethylarsinic Acid (DMA) (μg/g CrCl),75-60-5,Gender: Male,3.9552,6.4045,11.0451,15.9675,2010-2011
Lead (μg/g CrCl),7439-92-1,Gender: Male,0.3146,0.5473,0.8541,1.1932,2010-2011
Molybdenum (μg/g CrCl),7439-98-7,Gender: Male,45.704,71.9161,112.6013,151.3354,2010-2011
Monomethylarsonic acid (MMA) (μg/g CrCl),124-58-3,Gender: Male,,0.7992,1.2981,1.7593,2010-2011
Platinum (μg/g CrCl),7440-06-4,Gender: Male,,,,,2010-2011
TCPy (μg/g CrCl),6515-38-4,Gender: Male,0.9956,1.724,2.9332,4.9733,2010-2011
Thallium (μg/g CrCl),7440-28-0,Gender: Male,0.1152,0.1633,0.2375,0.3064,2010-2011
Total Arsenic (μg/g CrCl),7440-38-2,Gender: Male,10.8557,21.1183,46.7281,82.5621,2010-2011
Tungsten (μg/g CrCl),7440-33-7,Gender: Male,,0.1745,0.3655,0.5077,2010-2011
Uranium (μg/g CrCl),7440-61-1,Gender: Male,,,,0.025,2010-2011
"cis-3-(2,2-dibromovinyl)-2,2-dimethylcyclopropane carboxylic acid (DBCA) (μg/g CrCl)",63597-73-9,Gender: Male,,,,,2010-2011
cis-DCCA (μg/g CrCl),59042-49-8,Gender: Male,,,0.3929,1.1847,2010-2011
"trans-3-(2,2-dichlorovinyl)-2,2-dimethylcyclopropane carboxylic acid (trans-DCCA) (μg/g CrCl)",55701-05-8,Gender: Male,,0.6329,1.9277,6.0963,2010-2011
3-phenoxybenzoic acid (3-PBA) (μg/g CrCl),3739-38-6,"Race/eth: White, Non-Hispanic",0.4399,0.9592,2.7361,6.251,2010-2011
4-fluoro-3-phenoxybenzoic acid (4F-3PBA) (μg/g CrCl),77279-89-1,"Race/eth: White, Non-Hispanic",,,0.117,0.216,2010-2011
Antimony (μg/g CrCl),7440-36-0,"Race/eth: White, Non-Hispanic",,,,0.1629,2010-2011
Arsenic (V) Acid (μg/g CrCl),7440-38-2,"Race/eth: White, Non-Hispanic",,,,0.5176,2010-2011
Arsenobetaine (μg/g CrCl),64436-13-1,"Race/eth: White, Non-Hispanic",0.8879,6.3609,21.8582,46.2112,2010-2011
Arsenocholine (μg/g CrCl),39895-81-3,"Race/eth: White, Non-Hispanic",,,,,2010-2011
Arsenous (III) Acid (μg/g CrCl),13464-58-9,"Race/eth: White, Non-Hispanic",0.285,0.5839,0.9953,1.5128,2010-2011
Barium (μg/g CrCl),7440-39-3,"Race/eth: White, Non-Hispanic",1.6652,3.2131,5.6017,7.5703,2010-2011
Beryllium (μg/g CrCl),7440-41-7,"Race/eth: White, Non-Hispanic",,,,,2010-2011
Cadmium (μg/g CrCl),7440-43-9,"Race/eth: White, Non-Hispanic",0.2244,0.377,0.6559,0.9807,2010-2011
Cesium (μg/g CrCl),7440-46-2,"Race/eth: White, Non-Hispanic",3.6894,5.4707,7.3002,9.3187,2010-2011
Cobalt (μg/g CrCl),7440-48-4,"Race/eth: White, Non-Hispanic",0.4638,0.7685,1.2129,1.7429,2010-2011
Dimethylarsinic Acid (DMA) (μg/g CrCl),75-60-5,"Race/eth: White, Non-Hispanic",4.0233,6.4378,10.2542,13.7938,2010-2011
Lead (μg/g CrCl),7439-92-1,"Race/eth: White, Non-Hispanic",0.3253,0.5965,1.0733,1.4502,2010-2011
Molybdenum (μg/g CrCl),7439-98-7,"Race/eth: White, Non-Hispanic",46.2158,74.7829,115.1452,154.8625,2010-2011
Monomethylarsonic acid (MMA) (μg/g CrCl),124-58-3,"Race/eth: White, Non-Hispanic",,0.8238,1.458,1.8977,2010-2011
Platinum (μg/g CrCl),7440-06-4,"Race/eth: White, Non-Hispanic",,,,0.1944,2010-2011
TCPy (μg/g CrCl),6515-38-4,"Race/eth: White, Non-Hispanic",1.1152,1.8879,3.1326,4.3836,2010-2011
Thallium (μg/g CrCl),7440-28-0,"Race/eth: White, Non-Hispanic",0.126,0.1863,0.2628,0.3494,2010-2011
Total Arsenic (μg/g CrCl),7440-38-2,"Race/eth: White, Non-Hispanic",11.3874,22.71,46.7641,72.4298,2010-2011
Tungsten (μg/g CrCl),7440-33-7,"Race/eth: White, Non-Hispanic",,0.1936,0.3969,0.6436,2010-2011
Uranium (μg/g CrCl),7440-61-1,"Race/eth: White, Non-Hispanic",,,,0.026,2010-2011
"cis-3-(2,2-dibromovinyl)-2,2-dimethylcyclopropane carboxylic acid (DBCA) (μg/g CrCl)",63597-73-9,"Race/eth: White, Non-Hispanic",,,,,2010-2011
cis-DCCA (μg/g CrCl),59042-49-8,"Race/eth: White, Non-Hispanic",,,0.4501,1.3763,2010-2011
"trans-3-(2,2-dichlorovinyl)-2,2-dimethylcyclopropane carboxylic acid (trans-DCCA) (μg/g CrCl)",55701-05-8,"Race/eth: White, Non-Hispanic",,0.7962,2.6523,6.3304,2010-2011
